{"cameraMode":{"drawMode":0,"name":"Shaded","section":"Shading Mode"},"sceneLighting":false,"audioPlay":false,"sceneViewState":{"showFog":true,"showMaterialUpdate":false,"showSkybox":true,"showFlares":true,"showImageEffects":true,"showParticleSystems":true},"in2DMode":false,"pivot":{"x":-5.739351272583008,"y":2.36391282081604,"z":2.730825424194336},"rotation":{"x":0.04467562213540077,"y":0.4054379165172577,"z":-0.0198432058095932,"w":0.9129178524017334},"size":0.6450663805007935,"orthographic":false}